,date,name,cik,variable,value
308,1957-01-01,McKesson Corp.,927653.0,added_ticker,MCK
149,1957-01-01,Dominion Energy,715957.0,added_ticker,D
274,1957-01-01,KLA Corporation,319201.0,added_ticker,KLAC
125,1957-01-01,Corning Inc.,24741.0,added_ticker,GLW
311,1957-01-01,MetLife Inc.,1099219.0,added_ticker,MET
133,1957-01-01,Danaher Corp.,313616.0,added_ticker,DHR
159,1957-01-01,Eaton Corporation,1551182.0,added_ticker,ETN
326,1957-01-01,Motorola Solutions Inc.,68505.0,added_ticker,MSI
338,1957-01-01,NiSource Inc.,1111711.0,added_ticker,NI
430,1957-01-01,T. Rowe Price Group,1113169.0,added_ticker,TROW
432,1957-01-01,"Tapestry, Inc.",1116132.0,added_ticker,TPR
189,1957-01-01,Fifth Third Bancorp,35527.0,added_ticker,FITB
454,1957-01-01,U.S. Bancorp,36104.0,added_ticker,USB
202,1957-01-01,Franklin Resources,38777.0,added_ticker,BEN
360,1957-01-01,Paychex Inc.,723531.0,added_ticker,PAYX
492,1957-01-01,Whirlpool Corp.,106640.0,added_ticker,WHR
491,1957-01-01,Weyerhaeuser,106535.0,added_ticker,WY
393,1957-01-01,Raytheon Technologies,101829.0,added_ticker,RTX
237,1957-01-01,Humana Inc.,49071.0,added_ticker,HUM
238,1957-01-01,Huntington Bancshares,49196.0,added_ticker,HBAN
451,1957-01-01,Tyson Foods,100493.0,added_ticker,TSN
439,1957-01-01,Texas Instruments,97476.0,added_ticker,TXN
422,1957-01-01,State Street Corp.,93751.0,added_ticker,STT
268,1957-01-01,Kellogg Co.,55067.0,added_ticker,K
283,1957-01-01,Leggett & Platt,58492.0,added_ticker,LEG
292,1957-01-01,Loews Corp.,60086.0,added_ticker,L
305,1957-01-01,McCormick & Co.,63754.0,added_ticker,MKC
340,1957-01-01,Northern Trust Corp.,73124.0,added_ticker,NTRS
406,1957-01-01,S&P Global Inc.,64040.0,added_ticker,SPGI
209,1957-01-01,General Electric,40545.0,added_ticker,GE
323,1957-01-01,Moody's Corp,1059556.0,added_ticker,MCO
353,1957-01-01,Omnicom Group,29989.0,added_ticker,OMC
176,1957-01-01,Eversource Energy,72741.0,added_ticker,ES
483,1957-01-01,Waters Corporation,1000697.0,added_ticker,WAT
490,1957-01-01,WestRock,1732845.0,added_ticker,WRK
203,1957-01-01,Freeport-McMoRan Inc.,831259.0,added_ticker,FCX
401,1957-01-01,Rockwell Automation Inc.,1024478.0,added_ticker,ROK
190,1957-01-01,FirstEnergy Corp,1031296.0,added_ticker,FE
412,1957-01-01,Sempra Energy,1032208.0,added_ticker,SRE
464,1957-01-01,Valero Energy,1035002.0,added_ticker,VLO
421,1957-01-01,Starbucks Corp.,829224.0,added_ticker,SBUX
475,1957-01-01,Vornado Realty Trust,899689.0,added_ticker,VNO
472,1957-01-01,ViacomCBS,813828.0,added_ticker,VIAC
389,1957-01-01,Qualcomm,804328.0,added_ticker,QCOM
121,1957-01-01,Consolidated Edison,1047862.0,added_ticker,ED
482,1957-01-01,Waste Management Inc.,823768.0,added_ticker,WM
324,1957-01-01,Morgan Stanley,895421.0,added_ticker,MS
300,1957-01-01,Marriott International,1048286.0,added_ticker,MAR
372,1957-01-01,Pinnacle West Capital,764622.0,added_ticker,PNW
377,1957-01-01,PPL Corp.,922224.0,added_ticker,PPL
134,1957-01-01,Darden Restaurants,940944.0,added_ticker,DRI
167,1957-03-04,Entergy Corp.,65984.0,added_ticker,ETR
250,1957-03-04,International Paper,51434.0,added_ticker,IP
120,1957-03-04,ConocoPhillips,1163165.0,added_ticker,COP
28,1957-03-04,American Electric Power,4904.0,added_ticker,AEP
131,1957-03-04,CVS Health,64803.0,added_ticker,CVS
496,1957-03-04,Xcel Energy Inc,72903.0,added_ticker,XEL
418,1957-03-04,Southern Company,92122.0,added_ticker,SO
366,1957-03-04,PepsiCo Inc.,77476.0,added_ticker,PEP
100,1957-03-04,Chevron Corp.,93410.0,added_ticker,CVX
369,1957-03-04,Pfizer Inc.,78003.0,added_ticker,PFE
276,1957-03-04,Kroger Co.,56873.0,added_ticker,KR
376,1957-03-04,PPG Industries,79879.0,added_ticker,PPG
249,1957-03-04,International Business Machines,51143.0,added_ticker,IBM
379,1957-03-04,Procter & Gamble,80424.0,added_ticker,PG
153,1957-03-04,DTE Energy Co.,936340.0,added_ticker,DTE
271,1957-03-04,Kimberly-Clark,55785.0,added_ticker,KMB
89,1957-03-04,Caterpillar Inc.,18230.0,added_ticker,CAT
220,1957-03-04,Hartford Financial Svc.Gp.,874766.0,added_ticker,HIG
82,1957-03-04,Campbell Soup,16732.0,added_ticker,CPB
114,1957-03-04,Coca-Cola Company,21344.0,added_ticker,KO
116,1957-03-04,Colgate-Palmolive,21665.0,added_ticker,CL
339,1957-03-04,Norfolk Southern Corp.,702165.0,added_ticker,NSC
383,1957-03-04,Public Service Enterprise Group (PSEG),788784.0,added_ticker,PEG
74,1957-03-04,Bristol-Myers Squibb,14272.0,added_ticker,BMY
136,1957-03-04,Deere & Co.,315189.0,added_ticker,DE
411,1957-03-04,Sealed Air,1012100.0,added_ticker,SEE
69,1957-03-04,Boeing Company,12927.0,added_ticker,BA
225,1957-03-04,The Hershey Company,47111.0,added_ticker,HSY
178,1957-03-04,Exelon Corp.,1109357.0,added_ticker,EXC
182,1957-03-04,Exxon Mobil Corp.,34088.0,added_ticker,XOM
162,1957-03-04,Edison Int'l,827052.0,added_ticker,EIX
196,1957-03-04,Ford Motor Company,37996.0,added_ticker,F
208,1957-03-04,General Dynamics,40533.0,added_ticker,GD
218,1957-03-04,Halliburton Co.,45012.0,added_ticker,HAL
23,1957-03-04,Altria Group Inc,764180.0,added_ticker,MO
457,1957-03-04,Union Pacific Corp,100885.0,added_ticker,UNP
310,1957-03-04,Merck & Co.,310158.0,added_ticker,MRK
232,1964-03-31,Honeywell Int'l Inc.,773840.0,added_ticker,HON
0,1964-03-31,Abbott Laboratories,1800.0,added_ticker,ABT
235,1964-03-31,Howmet Aerospace,4281.0,added_ticker,HWM
414,1964-06-30,Sherwin-Williams,89800.0,added_ticker,SHW
165,1965-03-31,Emerson Electric Company,32604.0,added_ticker,EMR
409,1965-03-31,Schlumberger Ltd.,87347.0,added_ticker,SLB
130,1965-03-31,Cummins Inc.,26172.0,added_ticker,CMI
129,1967-09-30,CSX Corp.,277948.0,added_ticker,CSX
111,1969-03-31,The Clorox Company,21076.0,added_ticker,CLX
210,1969-03-31,General Mills,40704.0,added_ticker,GIS
332,1969-06-30,Newmont Corporation,1164727.0,added_ticker,NEM
307,1970-06-30,McDonald's Corp.,63908.0,added_ticker,MCD
286,1970-12-31,Lilly (Eli) & Co.,59478.0,added_ticker,LLY
62,1972-09-30,Baxter International Inc.,10456.0,added_ticker,BAX
63,1972-09-30,Becton Dickinson,10795.0,added_ticker,BDX
263,1973-06-30,Johnson & Johnson,200406.0,added_ticker,JNJ
212,1973-12-31,Genuine Parts,40987.0,added_ticker,GPC
236,1974-12-31,HP Inc.,47217.0,added_ticker,HPQ
493,1975-03-31,Williams Companies,107263.0,added_ticker,WMB
265,1975-06-30,JPMorgan Chase & Co.,19617.0,added_ticker,JPM
252,1976-03-31,International Flavors & Fragrances,51253.0,added_ticker,IFF
335,1976-06-30,NextEra Energy,753308.0,added_ticker,NEE
319,1976-06-30,Molson Coors Beverage Company,24545.0,added_ticker,TAP
60,1976-06-30,Bank of America Corp,70858.0,added_ticker,BAC
154,1976-06-30,Duke Energy,1326160.0,added_ticker,DUK
29,1976-06-30,American Express,4962.0,added_ticker,AXP
485,1976-06-30,Wells Fargo,72971.0,added_ticker,WFC
287,1976-06-30,Lincoln National,59558.0,added_ticker,LNC
481,1976-06-30,The Walt Disney Company,1744489.0,added_ticker,DIS
104,1976-06-30,Cigna,1739940.0,added_ticker,CI
247,1976-12-31,Intel Corp.,50863.0,added_ticker,INTC
433,1976-12-31,Target Corp.,27419.0,added_ticker,TGT
440,1978-12-31,Textron Inc.,217346.0,added_ticker,TXT
471,1979-06-30,VF Corporation,103379.0,added_ticker,VFC
480,1979-12-31,Walgreens Boots Alliance,1618921.0,added_ticker,WBA
30,1980-03-31,American International Group,5272.0,added_ticker,AIG
187,1980-12-31,FedEx Corporation,1048911.0,added_ticker,FDX
357,1980-12-31,Paccar,75362.0,added_ticker,PCAR
54,1981-03-31,Automatic Data Processing,8670.0,added_ticker,ADP
217,1981-06-30,Grainger (W.W.) Inc.,277135.0,added_ticker,GWW
303,1981-06-30,Masco Corp.,62996.0,added_ticker,MAS
47,1981-07-29,Archer-Daniels-Midland Co,7084.0,added_ticker,ADM
479,1982-08-31,Walmart,104169.0,added_ticker,WMT
417,1982-09-30,Snap-on,91440.0,added_ticker,SNA
420,1982-09-30,Stanley Black & Decker,93556.0,added_ticker,SWK
77,1982-10-31,Brown-Forman Corp.,14693.0,added_ticker,BF.B
44,1982-11-30,Apple Inc.,320193.0,added_ticker,AAPL
351,1982-12-31,Occidental Petroleum,797468.0,added_ticker,OXY
119,1983-08-31,Conagra Brands,23217.0,added_ticker,CAG
277,1983-09-30,L Brands Inc.,701985.0,added_ticker,LB
51,1983-11-30,AT&T Inc.,732717.0,added_ticker,T
469,1983-11-30,Verizon Communications,732712.0,added_ticker,VZ
293,1984-02-29,Lowe's Cos.,60667.0,added_ticker,LOW
385,1984-04-30,PulteGroup,822416.0,added_ticker,PHM
226,1984-05-31,Hess Corporation,4447.0,added_ticker,HES
291,1984-07-31,Lockheed Martin Corp.,936468.0,added_ticker,LMT
221,1984-09-30,Hasbro Inc.,46080.0,added_ticker,HAS
59,1984-10-31,Ball Corp,9389.0,added_ticker,BLL
346,1985-04-30,Nucor Corp.,73309.0,added_ticker,NUE
11,1985-04-30,Air Products & Chemicals,2969.0,added_ticker,APD
367,1985-05-31,PerkinElmer,31791.0,added_ticker,PKI
341,1985-06-30,Northrop Grumman,1133421.0,added_ticker,NOC
95,1985-07-31,CenterPoint Energy,1130310.0,added_ticker,CNP
442,1985-09-30,TJX Companies Inc.,109198.0,added_ticker,TJX
151,1985-10-31,Dover Corporation,29905.0,added_ticker,DOV
359,1985-11-30,Parker-Hannifin,76334.0,added_ticker,PH
243,1986-02-28,Illinois Tool Works,49826.0,added_ticker,ITW
204,1986-08-31,Gap Inc.,39911.0,added_ticker,GPS
309,1986-10-31,Medtronic plc,1613103.0,added_ticker,MDT
428,1986-12-31,Sysco Corp.,96021.0,added_ticker,SYY
301,1987-08-31,Marsh & McLennan,62709.0,added_ticker,MMC
57,1987-12-31,Avery Dennison Corp,8818.0,added_ticker,AVY
231,1988-03-31,Home Depot,354950.0,added_ticker,HD
374,1988-04-30,PNC Financial Services,713676.0,added_ticker,PNC
108,1988-05-31,Citigroup Inc.,831001.0,added_ticker,C
337,1988-11-30,"Nike, Inc.",320187.0,added_ticker,NKE
161,1989-01-31,Ecolab Inc.,31462.0,added_ticker,ECL
331,1989-04-30,Newell Brands,814453.0,added_ticker,NWL
214,1989-04-30,Globe Life Inc.,320335.0,added_ticker,GL
355,1989-08-31,Oracle Corp.,1341439.0,added_ticker,ORCL
53,1989-12-01,Autodesk Inc.,769397.0,added_ticker,ADSK
297,1991-05-01,Marathon Oil Corp.,101778.0,added_ticker,MRO
26,1991-09-19,Ameren Corp,1002910.0,added_ticker,AEE
36,1992-01-02,Amgen Inc.,318154.0,added_ticker,AMGN
288,1992-07-01,Linde plc,1707925.0,added_ticker,LIN
251,1992-10-01,Interpublic Group,51644.0,added_ticker,IPG
127,1993-10-01,Costco Wholesale Corp.,909832.0,added_ticker,COST
107,1993-12-01,Cisco Systems,858877.0,added_ticker,CSCO
158,1994-01-01,Eastman Chemical,915389.0,added_ticker,EMN
269,1994-03-01,KeyCorp,91576.0,added_ticker,KEY
463,1994-03-01,Unum Group,5513.0,added_ticker,UNM
316,1994-06-01,Microsoft Corp.,789019.0,added_ticker,MSFT
459,1994-07-01,UnitedHealth Group Inc.,731766.0,added_ticker,UNH
419,1994-07-01,Southwest Airlines,92380.0,added_ticker,LUV
315,1994-09-27,Micron Technology,723125.0,added_ticker,MU
73,1995-02-24,Boston Scientific,885725.0,added_ticker,BSX
45,1995-03-16,Applied Materials Inc.,6951.0,added_ticker,AMAT
61,1995-03-31,The Bank of New York Mellon,1390777.0,added_ticker,BK
20,1995-07-13,Allstate Corp,899051.0,added_ticker,ALL
118,1995-12-01,Comerica Inc.,28412.0,added_ticker,CMA
41,1996-04-23,Aon plc,315293.0,added_ticker,AON
55,1997-01-02,AutoZone Inc,866787.0,added_ticker,AZO
5,1997-05-05,Adobe Inc.,796343.0,added_ticker,ADBE
84,1997-05-27,Cardinal Health Inc.,721371.0,added_ticker,CAH
98,1997-06-02,Charles Schwab Corporation,316709.0,added_ticker,SCHW
169,1997-06-19,Equifax Inc.,33185.0,added_ticker,EFX
43,1997-07-28,APA Corporation,6769.0,added_ticker,APA
380,1997-08-04,Progressive Corp.,80661.0,added_ticker,PGR
499,1997-10-06,Yum! Brands Inc,1041061.0,added_ticker,YUM
448,1997-12-04,Truist Financial,92230.0,added_ticker,TFC
105,1997-12-18,Cincinnati Financial,20286.0,added_ticker,CINF
83,1998-07-01,Capital One Financial,927628.0,added_ticker,COF
397,1998-08-28,Regions Financial Corp.,1281761.0,added_ticker,RF
8,1998-10-02,AES Corp,874761.0,added_ticker,AES
86,1998-12-22,Carnival Corp.,815097.0,added_ticker,CCL
294,1999-03-25,Lumen Technologies,18926.0,added_ticker,LUMN
113,1999-05-03,CMS Energy,811156.0,added_ticker,CMS
9,1999-05-28,Aflac,4977.0,added_ticker,AFL
329,1999-06-25,NetApp,1002047.0,added_ticker,NTAP
65,1999-06-29,Best Buy Co. Inc.,764478.0,added_ticker,BBY
476,1999-06-30,Vulcan Materials,1396009.0,added_ticker,VMC
38,1999-10-12,"Analog Devices, Inc.",6281.0,added_ticker,ADI
497,1999-11-08,Xilinx,743988.0,added_ticker,XLNX
110,1999-12-01,Citrix Systems,877890.0,added_ticker,CTXS
761,1999-12-07,Laidlaw,,removed_ticker,LDW
1024,1999-12-07,Yahoo!,,added_ticker,YHOO
10,2000-06-05,Agilent Technologies,1090872.0,added_ticker,A
760,2000-07-27,RiteAid,,removed_ticker,RAD
1023,2000-07-27,JDS Uniphase,,added_ticker,JDSU
139,2000-08-30,Devon Energy,1090012.0,added_ticker,DVN
168,2000-11-02,EOG Resources,821189.0,added_ticker,EOG
758,2000-12-05,W.R. Grace,,removed_ticker,GRA
759,2000-12-05,Crown Holdings,,removed_ticker,CCK
1022,2000-12-05,Ambac Financial,,added_ticker,ABK
253,2000-12-05,Intuit Inc.,896878.0,added_ticker,INTU
400,2000-12-05,Robert Half International,315213.0,added_ticker,RHI
757,2000-12-05,Owens-Illinois,,removed_ticker,OI
756,2000-12-05,Bethlehem Steel,,removed_ticker,BS
1021,2000-12-05,Allegheny Energy,,added_ticker,AYE
1020,2000-12-05,Symbol Technologies,,added_ticker,SBL
424,2000-12-12,Stryker Corp.,310764.0,added_ticker,SYK
106,2001-03-01,Cintas Corporation,723254.0,added_ticker,CTAS
192,2001-04-02,Fiserv Inc,798354.0,added_ticker,FISV
502,2001-06-22,Zions Bancorp,109380.0,added_ticker,ZION
501,2001-08-07,Zimmer Biomet,1136869.0,added_ticker,ZBH
34,2001-08-30,AmerisourceBergen,1140859.0,added_ticker,ABC
347,2001-11-30,Nvidia Corporation,1045810.0,added_ticker,NVDA
171,2001-12-03,Equity Residential,906107.0,added_ticker,EQR
415,2002-06-26,Simon Property Group Inc,1063761.0,added_ticker,SPG
164,2002-07-22,Electronic Arts,712515.0,added_ticker,EA
460,2002-07-22,United Parcel Service,1090727.0,added_ticker,UPS
160,2002-07-22,eBay Inc.,1065088.0,added_ticker,EBAY
378,2002-07-22,Principal Financial Group,1126328.0,added_ticker,PFG
216,2002-07-22,Goldman Sachs Group,886982.0,added_ticker,GS
382,2002-07-22,Prudential Financial,1137774.0,added_ticker,PRU
40,2002-07-25,Anthem,1156039.0,added_ticker,ANTM
446,2002-08-21,The Travelers Companies,86312.0,added_ticker,TRV
117,2002-11-19,Comcast Corp.,1166691.0,added_ticker,CMCSA
390,2002-12-12,Quest Diagnostics,1022079.0,added_ticker,DGX
342,2003-03-25,NortonLifeLock,849399.0,added_ticker,NLOK
381,2003-07-17,Prologis,1045609.0,added_ticker,PLD
755,2003-09-25,Quintiles Transnational,,removed_ticker,QTRN
1018,2003-09-25,Express Scripts,,added_ticker,ESRX
67,2003-11-13,Biogen Inc.,875045.0,added_ticker,BIIB
296,2004-02-23,M&T Bank,36270.0,added_ticker,MTB
473,2004-04-23,Viatris,1792044.0,added_ticker,VTRS
213,2004-07-01,Gilead Sciences,882095.0,added_ticker,GILD
441,2004-08-03,Thermo Fisher Scientific,97745.0,added_ticker,TMO
279,2004-11-01,Laboratory Corp. of America Holding,920148.0,added_ticker,LH
344,2005-03-14,NOV Inc.,1021860.0,added_ticker,NOV
132,2005-06-22,D. R. Horton,882184.0,added_ticker,DHI
122,2005-07-01,Constellation Brands,16918.0,added_ticker,STZ
754,2005-07-01,Great Lakes Chemical,,removed_ticker,GLK
384,2005-08-19,Public Storage,1393311.0,added_ticker,PSA
33,2005-10-03,Ameriprise Financial,820027.0,added_ticker,AMP
285,2005-10-04,Lennar Corp.,920760.0,added_ticker,LEN
24,2005-11-18,Amazon.com Inc.,1018724.0,added_ticker,AMZN
173,2006-01-05,Est√©e Lauder Companies,1001250.0,added_ticker,EL
467,2006-02-01,Verisign Inc.,1014473.0,added_ticker,VRSN
72,2006-04-03,Boston Properties,1037540.0,added_ticker,BXP
22,2006-04-03,Alphabet Inc. (Class C),1652044.0,added_ticker,GOOG
272,2006-04-04,Kimco Realty,879101.0,added_ticker,KIM
266,2006-06-02,Juniper Networks,1043604.0,added_ticker,JNPR
753,2006-06-02,Albertsons,,removed_ticker,ABS
112,2006-08-11,CME Group Inc.,1156375.0,added_ticker,CME
489,2006-09-29,Western Union Co,1365135.0,added_ticker,WU
91,2006-11-10,CBRE Group,1138118.0,added_ticker,CBRE
188,2006-11-10,Fidelity National Information Services,1136893.0,added_ticker,FIS
115,2006-11-17,Cognizant Technology Solutions,1058290.0,added_ticker,CTSH
56,2007-01-10,AvalonBay Communities,915912.0,added_ticker,AVB
752,2007-01-10,Symbol Technologies,,removed_ticker,SBL
391,2007-02-02,Ralph Lauren Corporation,1037038.0,added_ticker,RL
465,2007-02-12,Varian Medical Systems,203527.0,added_ticker,VAR
78,2007-03-02,C. H. Robinson Worldwide,1043277.0,added_ticker,CHRW
234,2007-03-20,Host Hotels & Resorts,1070750.0,added_ticker,HST
751,2007-03-30,Sabre Holdings,,removed_ticker,TSG
1014,2007-03-30,Kraft Foods,,added_ticker,KFT
50,2007-04-10,Assurant,1267238.0,added_ticker,AIZ
143,2007-07-02,Discover Financial Services,1393612.0,added_ticker,DFS
12,2007-07-12,Akamai Technologies,1086222.0,added_ticker,AKAM
750,2007-08-24,KeySpan,,removed_ticker,KSE
1013,2007-08-24,Leucadia National,,added_ticker,LUK
314,2007-09-07,Microchip Technology,827054.0,added_ticker,MCHP
749,2007-09-26,First Data Corp.,,removed_ticker,FDC
248,2007-09-26,Intercontinental Exchange,1571949.0,added_ticker,ICE
748,2007-09-27,Maxim Integrated Products,,removed_ticker,MXIM
1011,2007-09-27,Tesoro Corp.,,added_ticker,TSO
747,2007-10-01,NCR Corp.,,removed_ticker,NCR
1010,2007-10-01,Teradata Corp.,,added_ticker,TDC
746,2007-10-02,Solectron,,removed_ticker,SLR
179,2007-10-02,Expedia Group,1324424.0,added_ticker,EXPE
180,2007-10-10,Expeditors,746515.0,added_ticker,EXPD
1008,2007-10-26,Jacobs Engineering Group,,added_ticker,JEC
745,2007-10-26,Avaya Inc.,,removed_ticker,AV
260,2007-10-26,Jacobs Engineering Group,52988.0,added_ticker,J
31,2007-11-19,American Tower Corp.,1053507.0,added_ticker,AMT
1007,2007-12-13,GameStop,,added_ticker,GME
744,2007-12-13,Dow Jones,,removed_ticker,DJ
1006,2007-12-20,Range Resources,,added_ticker,RRC
743,2007-12-20,Tribune Co.,,removed_ticker,TRB
223,2008-03-31,Healthpeak Properties,765880.0,added_ticker,PEAK
370,2008-03-31,Philip Morris International,1413329.0,added_ticker,PM
254,2008-06-02,Intuitive Surgical Inc.,1035267.0,added_ticker,ISRG
1005,2008-06-10,Lorillard Inc.,,added_ticker,LO
742,2008-06-10,Ambac Financial,,removed_ticker,ABK
79,2008-06-23,Cabot Oil & Gas,858470.0,added_ticker,COG
304,2008-07-18,Mastercard Inc.,1141391.0,added_ticker,MA
135,2008-07-31,DaVita Inc.,927066.0,added_ticker,DVA
255,2008-08-21,Invesco Ltd.,914208.0,added_ticker,IVZ
97,2008-08-27,CF Industries Holdings Inc,1324404.0,added_ticker,CF
740,2008-09-12,Freddie Mac,,removed_ticker,FRE
1003,2008-09-12,Salesforce.com,,added_ticker,CRM
1004,2008-09-12,Fastenal,,added_ticker,FAST
741,2008-09-12,Fannie Mae,,removed_ticker,FNM
407,2008-09-15,Salesforce.com,1108524.0,added_ticker,CRM
185,2008-09-15,Fastenal Co,815556.0,added_ticker,FAST
1002,2008-09-16,Harris Corporation,,added_ticker,HRS
739,2008-09-16,Lehman Brothers,,removed_ticker,LEH
278,2008-09-22,L3Harris Technologies,202058.0,added_ticker,LHX
373,2008-09-24,Pioneer Natural Resources,1038357.0,added_ticker,PXD
37,2008-09-30,Amphenol Corp,820313.0,added_ticker,APH
328,2008-10-22,"Nasdaq, Inc.",1120193.0,added_ticker,NDAQ
484,2008-10-31,WEC Energy Group,783325.0,added_ticker,WEC
262,2008-11-06,JM Smucker,91419.0,added_ticker,SJM
365,2008-11-13,People's United Financial,1378946.0,added_ticker,PBCT
495,2008-11-14,Wynn Resorts Ltd,1174922.0,added_ticker,WYNN
138,2008-11-14,Dentsply Sirona,818479.0,added_ticker,XRAY
398,2008-12-05,Republic Services Inc,1060391.0,added_ticker,RSG
1001,2008-12-31,Owens-Illinois,,added_ticker,OI
738,2008-12-31,Wachovia Bank,,removed_ticker,WB
194,2009-01-02,FLIR Systems,354908.0,added_ticker,FLIR
258,2009-01-06,Iron Mountain Incorporated,1020569.0,added_ticker,IRM
486,2009-01-30,Welltower Inc.,766704.0,added_ticker,WELL
737,2009-03-03,Jones Apparel Group,,removed_ticker,JNY
736,2009-03-03,American Capital,,removed_ticker,ACAS
1000,2009-03-03,Ventas Inc.,,added_ticker,VTR
999,2009-03-03,Hormel Foods,,added_ticker,HRL
233,2009-03-04,Hormel Foods Corp.,48465.0,added_ticker,HRL
466,2009-03-04,Ventas Inc,740260.0,added_ticker,VTR
350,2009-03-27,O'Reilly Automotive,898173.0,added_ticker,ORLY
388,2009-07-01,Quanta Services Inc.,1050915.0,added_ticker,PWR
488,2009-07-01,Western Digital,106040.0,added_ticker,WDC
195,2009-08-19,FMC Corporation,37785.0,added_ticker,FMC
998,2009-09-28,Airgas Inc,,added_ticker,ARG
735,2009-09-28,Cooper Industries Ltd.,,removed_ticker,CBE
997,2009-11-03,Priceline.com,,added_ticker,PCLN
734,2009-11-03,Schering-Plough Corp.,,removed_ticker,SGP
70,2009-11-06,Booking Holdings Inc,1075531.0,added_ticker,BKNG
732,2009-12-18,KB Home,,removed_ticker,KBH
731,2009-12-18,Dynegy,,removed_ticker,DYN
733,2009-12-18,Convergys,,removed_ticker,CVG
994,2009-12-18,Mead Johnson Nutrition,,added_ticker,MJN
730,2009-12-18,Ciena,,removed_ticker,CIEN
993,2009-12-18,Visa Inc.,,added_ticker,V
995,2009-12-18,Cliffs Natural Resources,,added_ticker,CLF
996,2009-12-18,SAIC Inc.,,added_ticker,SAIC
474,2009-12-21,Visa Inc.,1403161.0,added_ticker,V
404,2009-12-21,Ross Stores,745732.0,added_ticker,ROST
403,2009-12-23,Roper Technologies,882835.0,added_ticker,ROP
345,2010-01-29,NRG Energy,1013871.0,added_ticker,NRG
64,2010-02-16,Berkshire Hathaway,1067983.0,added_ticker,BRK.B
729,2010-02-26,IMS Health,,removed_ticker,RX
992,2010-02-26,Helmerich & Payne,,added_ticker,HP
144,2010-03-01,"Discovery, Inc. (Series A)",1437107.0,added_ticker,DISCA
354,2010-03-15,Oneok,1039684.0,added_ticker,OKE
991,2010-04-29,Cerner Corp.,,added_ticker,CERN
728,2010-04-29,BJ Services Company,,removed_ticker,BJS
96,2010-04-30,Cerner,804753.0,added_ticker,CERN
85,2010-06-28,Carmax Inc,1170010.0,added_ticker,KMX
727,2010-06-28,XTO Energy Inc.,,removed_ticker,XTO
989,2010-06-30,QEP Resources,,added_ticker,QEP
726,2010-06-30,Questar Corp.,,removed_ticker,STR
988,2010-07-14,Chubb Limited,,added_ticker,CB
725,2010-07-14,Millipore Inc.,,removed_ticker,MIL
102,2010-07-15,Chubb Limited,896159.0,added_ticker,CB
987,2010-08-26,Tyco International Ltd.,,added_ticker,TYC
724,2010-08-26,Smith International Inc.,,removed_ticker,SII
264,2010-08-27,Johnson Controls International,833444.0,added_ticker,JCI
986,2010-11-17,Ingersoll-Rand plc,,added_ticker,IR
723,2010-11-17,Pactiv Corp.,,removed_ticker,PTV
444,2010-11-17,Trane Technologies plc,1466258.0,added_ticker,TT
721,2010-12-17,Office Depot Inc.,,removed_ticker,ODP
983,2010-12-17,F5 Networks Inc.,,added_ticker,FFIV
722,2010-12-17,The New York Times Co.,,removed_ticker,NYT
982,2010-12-17,Cablevision Systems Corp.,,added_ticker,CVC
719,2010-12-17,King Pharmaceuticals Inc.,,removed_ticker,KG
720,2010-12-17,Eastman Kodak Co.,,removed_ticker,EK
984,2010-12-17,Netflix Inc.,,added_ticker,NFLX
985,2010-12-17,Newfield Exploration,,added_ticker,NFX
183,2010-12-20,F5 Networks,1048695.0,added_ticker,FFIV
330,2010-12-20,Netflix Inc.,1065280.0,added_ticker,NFLX
981,2011-02-25,Joy Global Inc.,,added_ticker,JOY
718,2011-02-25,Allegheny Energy Inc.,,removed_ticker,AYE
717,2011-02-28,McAfee Inc.,,removed_ticker,MFE
980,2011-02-28,Covidien plc,,added_ticker,COV
979,2011-03-31,Edwards Lifesciences,,added_ticker,EW
716,2011-03-31,Qwest Communications,,removed_ticker,Q
715,2011-04-01,Genzyme Corp.,,removed_ticker,GENZ
163,2011-04-01,Edwards Lifesciences,1099800.0,added_ticker,EW
978,2011-04-01,BlackRock,,added_ticker,BLK
68,2011-04-04,BlackRock,1364742.0,added_ticker,BLK
714,2011-04-27,"Novell, Inc.",,removed_ticker,NOVL
977,2011-04-27,Chipotle Mexican Grill,,added_ticker,CMG
101,2011-04-28,Chipotle Mexican Grill,1058090.0,added_ticker,CMG
713,2011-06-01,Massey Energy Company,,removed_ticker,MEE
976,2011-06-01,"Alpha Natural Resources, Inc.",,added_ticker,ANR
712,2011-06-30,RadioShack Corp.,,removed_ticker,RSH
975,2011-06-30,Marathon Petroleum Corp,,added_ticker,MPC
298,2011-07-01,Marathon Petroleum,1510295.0,added_ticker,MPC
974,2011-07-05,Accenture plc,,added_ticker,ACN
711,2011-07-05,Marshall & Iisley Corp.,,removed_ticker,MI
3,2011-07-06,Accenture,1467373.0,added_ticker,ACN
710,2011-09-23,National Semiconductor Corp.,,removed_ticker,NSM
973,2011-09-23,The Mosaic Company,,added_ticker,MOS
325,2011-09-26,The Mosaic Company,1285785.0,added_ticker,MOS
972,2011-10-14,TE Connectivity Ltd.,,added_ticker,TEL
709,2011-10-14,Cephalon Inc.,,removed_ticker,CEPH
434,2011-10-17,TE Connectivity Ltd.,1385157.0,added_ticker,TEL
971,2011-10-31,Xylem Inc.,,added_ticker,XYL
708,2011-10-31,ITT Corp.,,removed_ticker,ITT
498,2011-11-01,Xylem Inc.,1524472.0,added_ticker,XYL
707,2011-11-18,Janus Capital Group,,removed_ticker,JNS
970,2011-11-18,Cooper Industries,,added_ticker,CBE
706,2011-12-12,Nicor Inc.,,removed_ticker,GAS
969,2011-12-12,AGL Resources Inc.,,added_ticker,GAS
705,2011-12-16,MEMC Electronic Materials Inc.,,removed_ticker,WFR
968,2011-12-16,Dollar Tree Inc.,,added_ticker,DLTR
704,2011-12-16,Monster Worldwide Inc.,,removed_ticker,MWW
703,2011-12-16,AK Steel Holding Corp.,,removed_ticker,AKS
966,2011-12-16,BorgWarner Inc.,,added_ticker,BWA
967,2011-12-16,Perrigo Co.,,added_ticker,PRGO
368,2011-12-19,Perrigo,1585364.0,added_ticker,PRGO
71,2011-12-19,BorgWarner,908255.0,added_ticker,BWA
148,2011-12-19,Dollar Tree,935703.0,added_ticker,DLTR
702,2011-12-20,Tellabs Inc.,,removed_ticker,TLAB
965,2011-12-20,TripAdvisor Inc.,,added_ticker,TRIP
964,2011-12-31,"WPX Energy, Inc.",,added_ticker,WPX
701,2011-12-31,Compuware,,removed_ticker,CPWR
963,2012-03-13,Crown Castle International Corp.,,added_ticker,CCI
700,2012-03-13,Constellation Energy Group,,removed_ticker,CEG
128,2012-03-14,Crown Castle,1051470.0,added_ticker,CCI
699,2012-04-03,Medco Health Solutions Inc.,,removed_ticker,MHS
962,2012-04-03,"Fossil, Inc.",,added_ticker,FOSL
698,2012-04-23,Supervalu Inc.,,removed_ticker,SVU
961,2012-04-23,Phillips 66,,added_ticker,PSX
371,2012-05-01,Phillips 66,1534701.0,added_ticker,PSX
697,2012-05-17,El Paso Corp.,,removed_ticker,EP
960,2012-05-17,Kinder Morgan,,added_ticker,KMI
696,2012-05-21,Motorola Mobility,,removed_ticker,MMI
959,2012-05-21,Alexion Pharmaceuticals,,added_ticker,ALXN
16,2012-05-25,Alexion Pharmaceuticals,899866.0,added_ticker,ALXN
273,2012-05-25,Kinder Morgan,1506307.0,added_ticker,KMI
958,2012-06-05,Lam Research,,added_ticker,LRCX
695,2012-06-05,Novellus Systems,,removed_ticker,NVLS
322,2012-06-28,Monster Beverage,865752.0,added_ticker,MNST
280,2012-06-29,Lam Research,707549.0,added_ticker,LRCX
694,2012-06-29,Sara Lee Corp.,,removed_ticker,SLE
957,2012-06-29,Monster Beverage,,added_ticker,MNST
693,2012-07-02,Progress Energy Inc,,removed_ticker,PGN
410,2012-07-02,Seagate Technology,1137789.0,added_ticker,STX
955,2012-07-31,Ensco plc (now Valaris plc,,added_ticker,ESV
692,2012-07-31,Goodrich Corporation,,removed_ticker,GR
295,2012-09-05,LyondellBasell,1489393.0,added_ticker,LYB
691,2012-09-05,Sears Holding Corporation,,removed_ticker,SHLD
690,2012-10-01,"DeVry, Inc.",,removed_ticker,DV
689,2012-10-01,Lexmark Int'l Inc,,removed_ticker,LXK
364,2012-10-01,Pentair plc,77360.0,added_ticker,PNR
952,2012-10-01,ADT Corp,,added_ticker,ADT
688,2012-10-02,Alpha Natural Resources,,removed_ticker,ANR
951,2012-10-02,Kraft Foods Group,,added_ticker,KRFT
320,2012-10-02,Mondelez International,1103982.0,added_ticker,MDLZ
950,2012-10-10,"PetSmart, Inc.",,added_ticker,PETM
687,2012-10-10,Sunoco Inc.,,removed_ticker,SUN
147,2012-12-03,Dollar General,29534.0,added_ticker,DG
686,2012-12-03,Cooper Industries,,removed_ticker,CBE
948,2012-12-11,Garmin Ltd.,,added_ticker,GRMN
685,2012-12-11,R.R. Donnelley,,removed_ticker,RRD
205,2012-12-12,Garmin Ltd.,1121788.0,added_ticker,GRMN
684,2012-12-21,Titanium Metals,,removed_ticker,TIE
947,2012-12-21,Delphi Automotive,,added_ticker,DLPH
46,2012-12-24,Aptiv PLC,1521332.0,added_ticker,APTV
683,2012-12-31,Federated Investors,,removed_ticker,FII
1,2012-12-31,AbbVie Inc.,1551152.0,added_ticker,ABBV
386,2013-02-15,PVH Corp.,78239.0,added_ticker,PVH
682,2013-02-15,Big Lots Inc.,,removed_ticker,BIG
944,2013-04-30,Regeneron Pharmaceuticals,,added_ticker,REGN
681,2013-04-30,MetroPCS,,removed_ticker,PCS
396,2013-05-01,Regeneron Pharmaceuticals,872589.0,added_ticker,REGN
943,2013-05-08,Macerich,,added_ticker,MAC
680,2013-05-08,Coventry Health Care,,removed_ticker,CVH
942,2013-05-23,Kansas City Southern,,added_ticker,KSU
679,2013-05-23,Dean Foods,,removed_ticker,DF
267,2013-05-24,Kansas City Southern,54480.0,added_ticker,KSU
211,2013-06-06,General Motors,1467858.0,added_ticker,GM
678,2013-06-06,H. J. Heinz Company,,removed_ticker,HNZ
677,2013-06-21,First Horizon,,removed_ticker,FHN
503,2013-06-21,Zoetis,1555280.0,added_ticker,ZTS
676,2013-06-28,Apollo Group Inc.,,removed_ticker,APOL
939,2013-06-28,21st Century Fox,,added_ticker,FOXA
200,2013-07-01,Fox Corporation (Class A),1754301.0,added_ticker,FOXA
675,2013-07-08,Sprint Nextel Corp.,,removed_ticker,S
938,2013-07-08,Nielsen Holdings,,added_ticker,NLSN
336,2013-07-09,Nielsen Holdings,1492633.0,added_ticker,NLSN
333,2013-08-01,News Corp (Class A),1564708.0,added_ticker,NWSA
674,2013-09-10,BMC Software,,removed_ticker,BMC
937,2013-09-10,Delta Air Lines,,added_ticker,DAL
137,2013-09-11,Delta Air Lines Inc.,27904.0,added_ticker,DAL
672,2013-09-20,Advanced Micro Devices,,removed_ticker,AMD
673,2013-09-20,SAIC,,removed_ticker,SAI
935,2013-09-20,Vertex Pharmaceuticals,,added_ticker,VRTX
936,2013-09-20,Ametek,,added_ticker,AME
470,2013-09-23,Vertex Pharmaceuticals Inc,875320.0,added_ticker,VRTX
35,2013-09-23,Ametek,1037868.0,added_ticker,AME
934,2013-10-29,Transocean,,added_ticker,RIG
671,2013-10-29,"Dell, Inc.",,removed_ticker,DELL
670,2013-11-13,NYSE Euronext,,removed_ticker,NYX
933,2013-11-13,Michael Kors,,added_ticker,KORS
18,2013-12-02,Allegion,1579241.0,added_ticker,ALLE
669,2013-12-02,J.C. Penney,,removed_ticker,JCP
931,2013-12-10,General Growth Properties,,added_ticker,GGP
668,2013-12-10,Molex Inc.,,removed_ticker,MOLX
665,2013-12-23,Abercrombie & Fitch,,removed_ticker,ANF
928,2013-12-23,Alliance Data Systems,,added_ticker,ADS
666,2013-12-23,JDS Uniphase,,removed_ticker,JDSU
184,2013-12-23,"Facebook, Inc.",1326801.0,added_ticker,FB
667,2013-12-23,Teradyne,,removed_ticker,TER
318,2013-12-23,Mohawk Industries,851968.0,added_ticker,MHK
443,2014-01-24,Tractor Supply Company,916365.0,added_ticker,TSCO
664,2014-01-24,Life Technologies,,removed_ticker,LIFE
926,2014-03-21,Keurig Green Mountain,,added_ticker,GMCR
663,2014-03-21,"WPX Energy, Inc.",,removed_ticker,WPX
172,2014-04-02,"Essex Property Trust, Inc.",920522.0,added_ticker,ESS
662,2014-04-02,Cliffs Natural Resources,,removed_ticker,CLF
21,2014-04-03,Alphabet Inc. (Class A),1652044.0,added_ticker,GOOGL
660,2014-05-01,Beam Inc.,,removed_ticker,BEAM
661,2014-05-01,SLM Corporation,,removed_ticker,SLM
455,2014-05-01,Under Armour (Class A),1336917.0,added_ticker,UAA
923,2014-05-01,Navient,,added_ticker,NAVI
75,2014-05-08,Broadcom Inc.,1730168.0,added_ticker,AVGO
659,2014-05-08,LSI Corporation,,removed_ticker,LSI
920,2014-06-20,Cimarex Energy,,added_ticker,XEC
658,2014-06-20,International Game Technology,,removed_ticker,IGT
657,2014-07-01,Forest Laboratories,,removed_ticker,FRX
919,2014-07-01,Affiliated Managers Group,,added_ticker,AMG
302,2014-07-02,Martin Marietta Materials,916076.0,added_ticker,MLM
656,2014-07-02,United States Steel Corporation,,removed_ticker,X
917,2014-08-06,Discovery Communications,,added_ticker,DISCK
145,2014-08-07,"Discovery, Inc. (Series C)",1437107.0,added_ticker,DISCK
655,2014-08-18,Rowan Companies plc,,removed_ticker,RDC
916,2014-08-18,Mallinckrodt plc,,added_ticker,MNK
462,2014-09-20,Universal Health Services,352915.0,added_ticker,UHS
654,2014-09-20,Graham Holdings,,removed_ticker,GHC
653,2014-09-20,Peabody Energy,,removed_ticker,BTU
461,2014-09-20,"United Rentals, Inc.",1067701.0,added_ticker,URI
652,2014-11-05,Jabil Circuit,,removed_ticker,JBL
913,2014-11-05,Level 3 Communications,,added_ticker,LVLT
405,2014-12-05,Royal Caribbean Group,884887.0,added_ticker,RCL
651,2014-12-05,Bemis Company,,removed_ticker,BMS
222,2015-01-27,HCA Healthcare,860730.0,added_ticker,HCA
650,2015-01-27,Covidien,,removed_ticker,COV
649,2015-01-27,Safeway Inc,,removed_ticker,SWY
911,2015-01-27,Endo International,,added_ticker,ENDP
648,2015-03-12,PetSmart Inc.,,removed_ticker,PETM
416,2015-03-12,Skyworks Solutions,4127.0,added_ticker,SWKS
224,2015-03-17,Henry Schein,1000228.0,added_ticker,HSIC
908,2015-03-18,Henry Schein,,added_ticker,HSIC
647,2015-03-18,Carefusion,,removed_ticker,CFN
219,2015-03-20,Hanesbrands Inc,1359841.0,added_ticker,HBI
170,2015-03-20,Equinix,1101239.0,added_ticker,EQIX
646,2015-03-23,Avon Products,,removed_ticker,AVP
645,2015-03-23,Nabors Industries,,removed_ticker,NBR
644,2015-03-23,Denbury Resources,,removed_ticker,DNR
643,2015-03-23,"Allergan, Inc",,removed_ticker,AGN
905,2015-03-23,Equinix,,added_ticker,EQIX
906,2015-03-23,SL Green Realty,,added_ticker,SLG
907,2015-03-23,Hanesbrands,,added_ticker,HBI
27,2015-03-23,American Airlines Group,6201.0,added_ticker,AAL
394,2015-04-07,Realty Income Corporation,726728.0,added_ticker,O
642,2015-04-07,Windstream Holdings Inc,,removed_ticker,WIN
641,2015-06-11,Lorillard Inc.,,removed_ticker,LO
387,2015-06-11,Qorvo,1604778.0,added_ticker,QRVO
639,2015-07-01,Integrys Energy Group Inc.,,removed_ticker,TEG
261,2015-07-01,J. B. Hunt Transport Services,728535.0,added_ticker,JBHT
901,2015-07-01,Baxalta,,added_ticker,BXLT
640,2015-07-01,QEP Resources,,removed_ticker,QEP
638,2015-07-02,Allegheny Technologies,,removed_ticker,ATI
899,2015-07-02,Columbia Pipeline Group,,added_ticker,CPGX
637,2015-07-06,Kraft Foods Group,,removed_ticker,KRFT
275,2015-07-06,Kraft Heinz Co,1637459.0,added_ticker,KHC
636,2015-07-08,Family Dollar Stores Inc.,,removed_ticker,FDO
897,2015-07-08,Advance Auto Parts,,added_ticker,AAP
7,2015-07-09,Advance Auto Parts,1158449.0,added_ticker,AAP
362,2015-07-20,PayPal,1633917.0,added_ticker,PYPL
635,2015-07-20,Noble Corp,,removed_ticker,NE
634,2015-07-29,DirecTV,,removed_ticker,DTV
895,2015-07-29,Signet Jewelers,,added_ticker,SIG
894,2015-08-28,Activision Blizzard,,added_ticker,ATVI
633,2015-08-28,Pall Corp,,removed_ticker,PLL
4,2015-08-31,Activision Blizzard,718877.0,added_ticker,ATVI
632,2015-09-02,Hospira Inc,,removed_ticker,HSP
893,2015-09-02,United Continental Holdings,,added_ticker,UAL
458,2015-09-03,United Airlines Holdings,100517.0,added_ticker,UAL
890,2015-09-18,Comcast Class K Special,,added_ticker,CMCSK
201,2015-09-18,Fox Corporation (Class B),1754301.0,added_ticker,FOX
334,2015-09-18,News Corp (Class B),1564708.0,added_ticker,NWS
889,2015-10-07,Verisk Analytics,,added_ticker,VRSK
631,2015-10-07,Joy Global,,removed_ticker,JOY
468,2015-10-08,Verisk Analytics,1442145.0,added_ticker,VRSK
227,2015-11-02,Hewlett Packard Enterprise,1645590.0,added_ticker,HPE
630,2015-11-02,Hudson City Bancorp Inc,,removed_ticker,HCBK
426,2015-11-18,Synchrony Financial,1601712.0,added_ticker,SYF
629,2015-11-18,Genworth Financial,,removed_ticker,GNW
244,2015-11-19,Illumina Inc,1110803.0,added_ticker,ILMN
628,2015-11-19,Sigma-Aldrich Corp,,removed_ticker,SIAL
627,2015-12-01,Computer Sciences Corp,,removed_ticker,CSC
885,2015-12-01,CSRA Inc,,added_ticker,CSRA
626,2015-12-15,Comcast K Corp,,removed_ticker,CMCSK
625,2015-12-29,Altera Corp,,removed_ticker,ALTR
103,2015-12-29,Church & Dwight,313927.0,added_ticker,CHD
624,2016-01-05,Fossil Group,,removed_ticker,FOSL
494,2016-01-05,Willis Towers Watson,1140536.0,added_ticker,WLTW
181,2016-01-19,Extra Space Storage,1289490.0,added_ticker,EXR
623,2016-01-19,Chubb Corp,,removed_ticker,CB
109,2016-01-29,Citizens Financial Group,759944.0,added_ticker,CFG
186,2016-02-01,Federal Realty Investment Trust,34903.0,added_ticker,FRT
880,2016-02-01,Citizens Financial Group,,added_ticker,CFG
621,2016-02-01,Precision Castparts Corp.,,removed_ticker,PCP
622,2016-02-01,Broadcom Corporation,,removed_ticker,BRCM
879,2016-02-22,Concho Resources,,added_ticker,CXO
620,2016-02-22,Plum Creek Timber,,removed_ticker,PCL
32,2016-03-04,American Water Works,1410636.0,added_ticker,AWK
619,2016-03-04,Consol Energy,,removed_ticker,CNX
452,2016-03-07,"UDR, Inc.",74208.0,added_ticker,UDR
618,2016-03-07,Keurig Green Mountain,,removed_ticker,GMCR
94,2016-03-30,Centene Corporation,1071739.0,added_ticker,CNC
616,2016-03-30,Pepco Holdings Inc,,removed_ticker,POM
617,2016-03-30,Ensco plc (now Valaris plc),,removed_ticker,ESV
230,2016-03-30,Hologic,859737.0,added_ticker,HOLX
615,2016-04-04,Cameron International,,removed_ticker,CAM
874,2016-04-04,Foot Locker Inc,,added_ticker,FL
456,2016-04-08,Under Armour (Class C),1336917.0,added_ticker,UA
453,2016-04-18,Ulta Beauty,1403568.0,added_ticker,ULTA
614,2016-04-18,Tenet Healthcare,,removed_ticker,THC
613,2016-04-25,GameStop,,removed_ticker,GME
215,2016-04-25,Global Payments Inc.,1123360.0,added_ticker,GPN
870,2016-05-03,Acuity Brands Inc,,added_ticker,AYI
612,2016-05-03,ADT Corp,,removed_ticker,ADT
13,2016-05-13,Alaska Air Group,766421.0,added_ticker,ALK
611,2016-05-13,SanDisk Corporation,,removed_ticker,SNDK
610,2016-05-18,Time Warner Cable,,removed_ticker,TWC
142,2016-05-18,Digital Realty Trust Inc,1297996.0,added_ticker,DLR
609,2016-05-23,Airgas Inc,,removed_ticker,ARG
290,2016-05-23,LKQ Corporation,1065696.0,added_ticker,LKQ
608,2016-05-31,Coca-Cola Enterprises,,removed_ticker,CCE
49,2016-05-31,Arthur J. Gallagher & Co.,354190.0,added_ticker,AJG
607,2016-06-03,Baxalta Inc,,removed_ticker,BXLT
445,2016-06-03,TransDigm Group,1260221.0,added_ticker,TDG
606,2016-06-22,Cablevision Systems,,removed_ticker,CVC
199,2016-06-22,Fortune Brands Home & Security,1519751.0,added_ticker,FBHS
198,2016-07-01,Fortive Corp,1659166.0,added_ticker,FTV
604,2016-07-01,AGL Resources,,removed_ticker,GAS
14,2016-07-01,Albemarle Corporation,915913.0,added_ticker,ALB
605,2016-07-01,TECO Energy,,removed_ticker,TE
19,2016-07-01,Alliant Energy,352541.0,added_ticker,LNT
861,2016-07-05,Fortive Corp,,added_ticker,FTV
603,2016-07-05,Columbia Pipeline Group,,removed_ticker,CPGX
602,2016-09-06,Johnson Controls Inc,,removed_ticker,JCI
312,2016-09-06,Mettler Toledo,1037646.0,added_ticker,MTD
99,2016-09-08,Charter Communications,1091667.0,added_ticker,CHTR
601,2016-09-08,EMC Corporation,,removed_ticker,EMC
858,2016-09-22,The Cooper Companies,,added_ticker,COO
600,2016-09-22,Starwood Hotels & Resorts Worldwide Inc,,removed_ticker,HOT
123,2016-09-23,The Cooper Companies,711404.0,added_ticker,COO
599,2016-09-30,Diamond Offshore Drilling,,removed_ticker,DO
857,2016-09-30,"Coty, Inc.",,added_ticker,COTY
598,2016-11-01,Alcoa Inc,,removed_ticker,AA
856,2016-11-01,Arconic Inc,,added_ticker,ARNC
855,2016-12-02,Envision Healthcare,,added_ticker,EVHC
596,2016-12-02,Owens-Illinois,,removed_ticker,OI
317,2016-12-02,Mid-America Apartments,912595.0,added_ticker,MAA
597,2016-12-02,Legg Mason,,removed_ticker,LM
595,2017-01-05,St. Jude Medical,,removed_ticker,STJ
241,2017-01-05,Idexx Laboratories,874716.0,added_ticker,IDXX
245,2017-02-28,Incyte,879169.0,added_ticker,INCY
594,2017-02-28,Spectra Energy Corp,,removed_ticker,SE
593,2017-03-01,Pitney Bowes Inc,,removed_ticker,PBI
90,2017-03-01,Cboe Global Markets,1374310.0,added_ticker,CBOE
395,2017-03-02,Regency Centers Corporation,910606.0,added_ticker,REG
592,2017-03-02,Endo International,,removed_ticker,ENDP
146,2017-03-13,Dish Network,1001082.0,added_ticker,DISH
591,2017-03-13,Linear Technology,,removed_ticker,LLTC
427,2017-03-16,Synopsys Inc.,883241.0,added_ticker,SNPS
590,2017-03-16,Harman Int'l Industries,,removed_ticker,HAR
392,2017-03-20,Raymond James Financial,720005.0,added_ticker,RJF
15,2017-03-20,Alexandria Real Estate Equities,1035443.0,added_ticker,ARE
588,2017-03-20,Frontier Communications,,removed_ticker,FTR
587,2017-03-20,Urban Outfitters,,removed_ticker,URBN
6,2017-03-20,Advanced Micro Devices,2488.0,added_ticker,AMD
589,2017-03-20,First Solar,,removed_ticker,FSLR
157,2017-04-04,DXC Technology,1688568.0,added_ticker,DXC
586,2017-04-04,Southwestern Energy,,removed_ticker,SWN
206,2017-04-05,Gartner Inc,749251.0,added_ticker,IT
585,2017-04-05,Dun & Bradstreet,,removed_ticker,DNB
242,2017-06-02,IHS Markit,1598014.0,added_ticker,INFO
584,2017-06-02,"Tegna, Inc.",,removed_ticker,TGNA
228,2017-06-19,Hilton Worldwide Holdings Inc,1585689.0,added_ticker,HLT
17,2017-06-19,Align Technology,1097149.0,added_ticker,ALGN
580,2017-06-19,Yahoo! Inc.,,removed_ticker,YHOO
581,2017-06-19,Teradata Corp.,,removed_ticker,TDC
582,2017-06-19,Ryder Systems Inc.,,removed_ticker,R
583,2017-06-19,Mead Johnson,,removed_ticker,MJN
177,2017-06-19,Everest Re Group Ltd.,1095073.0,added_ticker,RE
39,2017-06-19,"ANSYS, Inc.",1013462.0,added_ticker,ANSS
58,2017-07-07,Baker Hughes Co,1701605.0,added_ticker,BKR
575,2017-07-26,Transocean,,removed_ticker,RIG
576,2017-07-26,Bed Bath & Beyond,,removed_ticker,BBBY
577,2017-07-26,Murphy Oil,,removed_ticker,MUR
399,2017-07-26,ResMed,943819.0,added_ticker,RMD
313,2017-07-26,MGM Resorts International,789570.0,added_ticker,MGM
578,2017-07-26,Mallinckrodt,,removed_ticker,MNK
42,2017-07-26,A.O. Smith Corp,91142.0,added_ticker,AOS
358,2017-07-26,Packaging Corporation of America,75677.0,added_ticker,PKG
579,2017-07-26,Reynolds American,,removed_ticker,RAI
155,2017-07-26,Duke Realty Corp,783280.0,added_ticker,DRE
832,2017-08-08,Brighthouse Financial Inc,,added_ticker,BHF
574,2017-08-08,AutoNation Inc,,removed_ticker,AN
831,2017-08-29,QuintilesIMS,,added_ticker,Q
257,2017-08-29,IQVIA Holdings Inc.,1478242.0,added_ticker,IQV
573,2017-08-29,Whole Foods Market,,removed_ticker,WFM
572,2017-09-01,DuPont,,removed_ticker,DD
408,2017-09-01,SBA Communications,1034054.0,added_ticker,SBAC
829,2017-09-01,DowDuPont Inc.,,added_ticker,DWDP
571,2017-09-01,The Dow Chemical Company,,removed_ticker,DOW
80,2017-09-18,Cadence Design Systems,813672.0,added_ticker,CDNS
570,2017-09-18,Staples Inc.,,removed_ticker,SPLS
569,2017-10-13,Level 3 Communications,,removed_ticker,LVLT
343,2017-10-13,Norwegian Cruise Line Holdings,1513761.0,added_ticker,NCLH
239,2018-01-03,Huntington Ingalls Industries,1501585.0,added_ticker,HII
568,2018-01-03,CR Bard,,removed_ticker,BCR
256,2018-03-07,IPG Photonics Corp.,1111928.0,added_ticker,IPGP
567,2018-03-07,Scripps Networks Interactive,,removed_ticker,SNI
431,2018-03-19,Take-Two Interactive,946581.0,added_ticker,TTWO
824,2018-03-19,Nektar Therapeutics,,added_ticker,NKTR
565,2018-03-19,Patterson Companies,,removed_ticker,PDCO
566,2018-03-19,Chesapeake Energy,,removed_ticker,CHK
564,2018-03-19,Signet Jewelers,,removed_ticker,SIG
425,2018-03-19,SVB Financial,719739.0,added_ticker,SIVB
563,2018-04-04,CSRA Inc.,,removed_ticker,CSRA
327,2018-04-04,MSCI Inc,1408198.0,added_ticker,MSCI
562,2018-05-31,Wyndham Worldwide,,removed_ticker,WYN
2,2018-05-31,Abiomed,815094.0,added_ticker,ABMD
561,2018-06-05,Navient Corp,,removed_ticker,NAVI
175,2018-06-05,Evergy,1711269.0,added_ticker,EVRG
560,2018-06-07,Monsanto,,removed_ticker,MON
449,2018-06-07,"Twitter, Inc.",1418091.0,added_ticker,TWTR
558,2018-06-18,Range Resources,,removed_ticker,RRC
229,2018-06-18,HollyFrontier Corp,48039.0,added_ticker,HFC
76,2018-06-18,Broadridge Financial Solutions,1383312.0,added_ticker,BR
559,2018-06-18,Acuity Brands,,removed_ticker,AYI
193,2018-06-20,FleetCor Technologies Inc,1175454.0,added_ticker,FLT
557,2018-06-20,Time Warner,,removed_ticker,TWX
556,2018-07-02,Dr Pepper Snapple Group,,removed_ticker,DPS
124,2018-07-02,Copart Inc,900075.0,added_ticker,CPRT
555,2018-08-28,GGP Inc.,,removed_ticker,GGP
48,2018-08-28,Arista Networks,1596532.0,added_ticker,ANET
812,2018-09-14,WellCare,,added_ticker,WCG
554,2018-09-14,XL Group,,removed_ticker,XL
553,2018-10-01,Andeavor,,removed_ticker,ANDV
402,2018-10-01,"Rollins, Inc.",84839.0,added_ticker,ROL
552,2018-10-11,Envision Healthcare,,removed_ticker,EVHC
197,2018-10-11,Fortinet,1262039.0,added_ticker,FTNT
270,2018-11-06,Keysight Technologies,1601046.0,added_ticker,KEYS
551,2018-11-06,CA Inc.,,removed_ticker,CA
550,2018-11-13,EQT Corp,,removed_ticker,EQT
259,2018-11-13,Jack Henry & Associates,779152.0,added_ticker,JKHY
547,2018-12-03,Rockwell Collins,,removed_ticker,COL
306,2018-12-03,Maxim Integrated Products,743316.0,added_ticker,MXIM
549,2018-12-03,Stericycle,,removed_ticker,SRCL
548,2018-12-03,Aetna Inc,,removed_ticker,AET
281,2018-12-03,Lamb Weston Holdings Inc,1679273.0,added_ticker,LW
141,2018-12-03,Diamondback Energy,1539838.0,added_ticker,FANG
546,2018-12-24,Express Scripts,,removed_ticker,ESRX
93,2018-12-24,Celanese,1306830.0,added_ticker,CE
191,2019-01-02,First Republic Bank,1132979.0,added_ticker,FRC
545,2019-01-02,SCANA,,removed_ticker,SCG
544,2019-01-18,PG&E Corp,,removed_ticker,PCG
436,2019-01-18,Teleflex,96943.0,added_ticker,TFX
52,2019-02-15,Atmos Energy,731802.0,added_ticker,ATO
543,2019-02-15,Newfield Exploration,,removed_ticker,NFX
478,2019-02-27,Westinghouse Air Brake Technologies Corp,943452.0,added_ticker,WAB
542,2019-02-27,The Goodyear Tire & Rubber Company,,removed_ticker,GT
152,2019-04-01,Dow Inc.,1751788.0,added_ticker,DOW
156,2019-04-02,DuPont de Nemours Inc,1666700.0,added_ticker,DD
541,2019-04-02,Brighthouse Financial,,removed_ticker,BHF
799,2019-04-02,Dow Inc.,,added_ticker,DOW
126,2019-06-03,Corteva,1755672.0,added_ticker,CTVA
797,2019-06-03,DuPont de Nemours Inc.,,added_ticker,DD
539,2019-06-03,DowDuPont Inc.,,removed_ticker,DWDP
540,2019-06-03,Fluor Corporation,,removed_ticker,FLR
25,2019-06-07,Amcor plc,1748790.0,added_ticker,AMCR
538,2019-06-07,Mattel Inc,,removed_ticker,MAT
796,2019-06-07,Bemis Co Inc,,added_ticker,BMS
537,2019-07-01,L3 Technologies,,removed_ticker,LLL
299,2019-07-01,MarketAxess,1278021.0,added_ticker,MKTX
536,2019-07-15,Red Hat,,removed_ticker,RHT
429,2019-07-15,T-Mobile US,1283699.0,added_ticker,TMUS
284,2019-08-09,Leidos Holdings,1336920.0,added_ticker,LDOS
534,2019-08-09,Anadarko Petroleum,,removed_ticker,APC
240,2019-08-09,IDEX Corporation,832101.0,added_ticker,IEX
535,2019-08-09,Foot Locker,,removed_ticker,FL
92,2019-09-23,CDW,1402057.0,added_ticker,CDW
533,2019-09-23,TSYS,,removed_ticker,TSS
348,2019-09-26,"NVR, Inc.",906163.0,added_ticker,NVR
532,2019-09-26,Jefferies Financial Group Inc,,removed_ticker,JEF
282,2019-10-03,Las Vegas Sands,1300514.0,added_ticker,LVS
531,2019-10-03,Nektar Therapeutics,,removed_ticker,NKTR
413,2019-11-21,ServiceNow,1373715.0,added_ticker,NOW
530,2019-11-21,Celgene,,removed_ticker,CELG
477,2019-12-05,W. R. Berkley Corporation,11544.0,added_ticker,WRB
529,2019-12-05,Viacom,,removed_ticker,VIAB
528,2019-12-09,SunTrust Banks,,removed_ticker,STI
352,2019-12-09,Old Dominion Freight Line,878927.0,added_ticker,ODFL
289,2019-12-23,Live Nation Entertainment,1335258.0,added_ticker,LYV
423,2019-12-23,Steris,1757898.0,added_ticker,STE
525,2019-12-23,Affiliated Managers Group,,removed_ticker,AMG
527,2019-12-23,Macerich,,removed_ticker,MAC
500,2019-12-23,Zebra Technologies,877212.0,added_ticker,ZBRA
526,2019-12-23,TripAdvisor,,removed_ticker,TRIP
361,2020-01-28,Paycom,1590955.0,added_ticker,PAYC
524,2020-01-28,WellCare,,removed_ticker,WCG
523,2020-03-03,Cimarex Energy,,removed_ticker,XEC
246,2020-03-03,Ingersoll Rand,1699150.0,added_ticker,IR
781,2020-03-03,Gardner Denver,,added_ticker,GDI
356,2020-04-03,Otis Worldwide,1781335.0,added_ticker,OTIS
87,2020-04-03,Carrier Global,1783180.0,added_ticker,CARR
522,2020-04-06,Raytheon Company,,removed_ticker,RTN
521,2020-04-06,"Macy's, Inc.",,removed_ticker,M
150,2020-05-12,Domino's Pizza,1286681.0,added_ticker,DPZ
519,2020-05-12,Capri Holdings,,removed_ticker,CPRI
520,2020-05-12,Allergan,,removed_ticker,AGN
140,2020-05-12,DexCom,1093557.0,added_ticker,DXCM
487,2020-05-22,West Pharmaceutical Services,105770.0,added_ticker,WST
518,2020-05-22,Helmerich & Payne,,removed_ticker,HP
66,2020-06-22,Bio-Rad Laboratories,12208.0,added_ticker,BIO
517,2020-06-22,Nordstrom,,removed_ticker,JWN
516,2020-06-22,Harley-Davidson,,removed_ticker,HOG
435,2020-06-22,Teledyne Technologies,1094285.0,added_ticker,TDY
515,2020-06-22,Alliance Data Systems,,removed_ticker,ADS
450,2020-06-22,Tyler Technologies,860731.0,added_ticker,TYL
88,2020-09-21,Catalent,1596783.0,added_ticker,CTLT
514,2020-09-21,Kohl's Corp.,,removed_ticker,KSS
513,2020-09-21,Coty Inc.,,removed_ticker,COTY
512,2020-09-21,H&R Block,,removed_ticker,HRB
437,2020-09-21,Teradyne,97210.0,added_ticker,TER
174,2020-09-21,Etsy,1370637.0,added_ticker,ETSY
511,2020-10-07,E*TRADE Financial,,removed_ticker,ETFC
375,2020-10-07,Pool Corporation,945841.0,added_ticker,POOL
768,2020-10-09,Vontier,,added_ticker,VNT
510,2020-10-12,Noble Energy,,removed_ticker,NBL
438,2020-12-21,"Tesla, Inc.",1318605.0,added_ticker,TSLA
509,2020-12-21,Apartment Investment & Management,,removed_ticker,AIV
166,2021-01-07,Enphase Energy,1463101.0,added_ticker,ENPH
508,2021-01-07,Tiffany & Co.,,removed_ticker,TIF
447,2021-01-21,Trimble Inc.,864749.0,added_ticker,TRMB
507,2021-01-21,Concho Resources,,removed_ticker,CXO
506,2021-02-12,TechnipFMC,,removed_ticker,FTI
321,2021-02-12,Monolithic Power Systems,1280452.0,added_ticker,MPWR
349,2021-03-22,NXP Semiconductors,1413447.0,added_ticker,NXPI
207,2021-03-22,Generac Holdings,1474735.0,added_ticker,GNRC
81,2021-03-22,Caesars Entertainment,1590895.0,added_ticker,CZR
504,2021-03-22,Xerox,,removed_ticker,XRX
363,2021-03-22,Penn National Gaming,921738.0,added_ticker,PENN
505,2021-03-22,Vontier,,removed_ticker,VNT
